<assembly>
    <id>distribution</id>
    <formats>
        <format>zip</format>
    </formats>
    <fileSets>
        <fileSet>
            <directory>src</directory>
        </fileSet>
        <fileSet>
            <directory>target/apidocs</directory>
        </fileSet>
        <fileSet>
            <directory>target/site</directory>
        </fileSet>
        <fileSet>
            <directory>target</directory>
            <includes>
                <include>him-*.jar</include>
            </includes>
        </fileSet>
    </fileSets>
    <files>
        <file>
            <source>pom.xml</source>
            <outputDirectory>src</outputDirectory>
        </file>
    </files>
</assembly>